ID,DATA,HORA PARTIDA,HORA CHEGADA,ORIGEM,DESTINO,Nº COMBOIO,QUANTIDADE TOTAL (Kg),OBSERVAÇÕES,HORA_PARTIDA_H,HORA_CHEGADA_H,ANO,DIA_SEMANA_NUM,DIA_SEMANA,ORIGEM_N,DESTINO_N
0019,1999-10-08,19:35:00,04:50:00,Leixoes,Alcantara,80160,4000.0,,19,4,1999,4,Sexta,Leixoes,Alcantara
0020,1999-10-22,19:35:00,05:31:00,Leixoes,Alcantara,80160,13850.0,Cloreto de metileno,19,5,1999,4,Sexta,Leixoes,Alcantara
0021,1999-10-29,19:35:00,04:50:00,Leixoes,Alcantara,80160,16000.0,,19,4,1999,4,Sexta,Leixoes,Alcantara
0022,1999-11-15,19:35:00,04:50:00,Leixoes,Alcantara,80160,56125.0,Tintas e Resinas = 19740 kg,19,4,1999,0,Segunda,Leixoes,Alcantara
0023,1999-11-16,19:35:00,04:50:00,Leixoes,Alcantara,80160,16000.0,,19,4,1999,1,Terça,Leixoes,Alcantara
0024,1999-11-26,19:35:00,04:50:00,Leixoes,Alcantara,80160,5000.0,Nitrocelulose plastificada em solucao,19,4,1999,4,Sexta,Leixoes,Alcantara
0025,1999-12-14,19:35:00,04:50:00,Leixoes,Alcantara,80160,24500.0,,19,4,1999,1,Terça,Leixoes,Alcantara
0026,1999-12-16,19:35:00,04:50:00,Leixoes,Alcantara,80160,2287.0,Liquido inflamavel n.s.a.,19,4,1999,3,Quinta,Leixoes,Alcantara
0027,1999-12-17,19:35:00,04:50:00,Leixoes,Alcantara,80160,2287.0,Liquido inflamavel n.s.a.,19,4,1999,4,Sexta,Leixoes,Alcantara
0028,2000-01-14,19:35:00,04:50:00,Leixoes,Alcantara,80160,1332.0,,19,4,2000,4,Sexta,Leixoes,Alcantara
0029,2000-02-02,21:17:00,07:42:00,Alcantara,Valencia do Minho,83610/11,19750.0,Materia perigosa do ponto de vista do ambiente liquida n.s.a.,21,7,2000,2,Quarta,Alcantara,Valencia Do Minho
0030,2000-02-17,19:35:00,04:50:00,Leixoes,Alcantara,80160,325.0,,19,4,2000,3,Quinta,Leixoes,Alcantara
0031,2000-03-02,22:48:00,04:36:00,Alcantara,Leixoes,80610/11,21000.0,Compostos para detergentes,22,4,2000,3,Quinta,Alcantara,Leixoes
0001,1998-06-29,19:50:00,05:37:00,Leixoes,Alcantara,80152,35400.0,,19,5,1998,0,Segunda,Leixoes,Alcantara
0002,1998-06-30,19:35:00,02:07:00,Leixoes,Alcantara,80160,23600.0,,19,2,1998,1,Terça,Leixoes,Alcantara
0003,1998-07-09,19:35:00,02:07:00,Leixoes,Alcantara,80160/61,32000.0,,19,2,1998,3,Quinta,Leixoes,Alcantara
0004,1998-07-14,22:50:00,04:56:00,Alcantara,Leixoes,80610/11,120000.0,,22,4,1998,1,Terça,Alcantara,Leixoes
0005,1998-11-14,19:35:00,02:07:00,Leixoes,Alcantara,,812.0,,19,2,1998,5,Sábado,Leixoes,Alcantara
0006,1998-11-14,19:30:00,05:00:00,Leixoes,Alcantara,80160,,,19,5,1998,5,Sábado,Leixoes,Alcantara
0007,1999-01-07,19:35:00,02:07:00,Leixoes,Alcantara,80160/1,16000.0,,19,2,1999,3,Quinta,Leixoes,Alcantara
0008,1999-01-14,19:35:00,02:07:00,Leixoes,Alcantara,80160/61,1004.0,,19,2,1999,3,Quinta,Leixoes,Alcantara
0009,1999-03-05,19:35:00,02:07:00,Leixoes,Alcantara,80160/61,16000.0,,19,2,1999,4,Sexta,Leixoes,Alcantara
0010,1999-02-17,19:35:00,01:50:00,Leixoes,Alcantara,80160/61,24000.0,,19,1,1999,2,Quarta,Leixoes,Alcantara
0011,1999-03-03,19:35:00,02:07:00,Leixoes,Alcantara,80160,,,19,2,1999,2,Quarta,Leixoes,Alcantara
0012,1999-05-06,19:35:00,04:50:00,Leixoes,Alcantara,80160,6619.0,,19,4,1999,3,Quinta,Leixoes,Alcantara
0013,1999-06-02,19:35:00,04:50:00,Leixoes,Alcantara,80160,,,19,4,1999,2,Quarta,Leixoes,Alcantara
0014,1999-08-04,19:35:00,05:31:00,Leixoes,Alcantara,80160,,Cloreto de metileno,19,5,1999,2,Quarta,Leixoes,Alcantara
0015,1999-08-13,19:35:00,04:50:00,Leixoes,Alcantara,80160,21480.0,,19,4,1999,4,Sexta,Leixoes,Alcantara
0016,1999-09-01,19:35:00,04:50:00,Leixoes,Alcantara,80160,32640.0,,19,4,1999,2,Quarta,Leixoes,Alcantara
0017,1999-09-22,19:35:00,04:50:00,Leixoes,Alcantara,80160,36000.0,,19,4,1999,2,Quarta,Leixoes,Alcantara
0018,1999-09-27,21:17:00,07:42:00,Alcantara,Valenca,83610/11,43000.0,Estabilizado,21,7,1999,0,Segunda,Alcantara,Valenca
0032,2000-03-03,19:35:00,04:50:00,Leixoes,Alcantara,80160,27700.0,,19,4,2000,4,Sexta,Leixoes,Alcantara
0033,2000-03-10,19:35:00,04:50:00,Leixoes,Alcantara,80160,3165.0,,19,4,2000,4,Sexta,Leixoes,Alcantara
0034,2000-05-12,19:35:00,04:50:00,Leixoes,Alcantara,80160,3400.0,,19,4,2000,4,Sexta,Leixoes,Alcantara
0035,2000-05-17,22:48:00,04:36:00,Alcantara,Leixoes,80610/11,19000.0,Materia perigosa do ponto de vista do ambiente liquida n.s.a.,22,4,2000,2,Quarta,Alcantara,Leixoes
0036,2000-06-12,19:35:00,04:30:00,Leixoes,Alcantara,80160,16000.0,,19,4,2000,0,Segunda,Leixoes,Alcantara
0037,2000-07-14,19:27:00,04:52:00,Leixoes,Alcantara,80160/61,9680.0,,19,4,2000,4,Sexta,Leixoes,Alcantara
0038,2000-07-28,19:27:00,04:52:00,Leixoes,Alcantara,80160/61,6400.0,,19,4,2000,4,Sexta,Leixoes,Alcantara
0039,2000-08-08,19:27:00,04:52:00,Leixoes,Alcantara,80160/61,4740.0,,19,4,2000,1,Terça,Leixoes,Alcantara
0040,2000-09-06,19:27:00,04:52:00,Leixoes,Alcantara,80160/61,820.0,,19,4,2000,2,Quarta,Leixoes,Alcantara
0041,2000-09-20,19:27:00,04:52:00,Leixoes,Alcantara,80160/61,14800.0,,19,4,2000,2,Quarta,Leixoes,Alcantara
0042,2000-09-29,19:27:00,04:00:00,Leixoes,Alcantara,80160,24650.0,,19,4,2000,4,Sexta,Leixoes,Alcantara
0043,2000-10-03,19:27:00,04:53:00,Leixoes,Alcantara,80160,8000.0,40 volumes com 200 kg cada,19,4,2000,1,Terça,Leixoes,Alcantara
0044,2000-10-03,22:45:00,04:36:00,Alcantara,Leixoes,80610,9000.0,,22,4,2000,1,Terça,Alcantara,Leixoes
0045,2000-10-13,19:27:00,04:52:00,Leixoes,Alcantara,80160,,,19,4,2000,4,Sexta,Leixoes,Alcantara
0046,2000-10-13,23:15:00,05:55:00,Alcantara,Leixoes,75636/37,,,23,5,2000,4,Sexta,Alcantara,Leixoes
0047,2000-10-16,19:27:00,04:52:00,Leixoes,Alcantara,80160/61,9050.0,,19,4,2000,0,Segunda,Leixoes,Alcantara
0048,2000-10-20,19:27:00,04:52:00,Leixoes,Alcantara,80160/61,12400.0,,19,4,2000,4,Sexta,Leixoes,Alcantara
0049,2000-10-31,19:27:00,04:52:00,Leixoes,Alcantara,80160/61,19800.0,,19,4,2000,1,Terça,Leixoes,Alcantara
0050,2000-10-31,19:27:00,04:52:00,Leixoes,Alcantara,80160/61,,,19,4,2000,1,Terça,Leixoes,Alcantara
0051,2000-11-13,19:27:00,04:52:00,Leixoes,Alcantara,80160/61,11900.0,20 paletes,19,4,2000,0,Segunda,Leixoes,Alcantara
0052,2000-11-15,19:27:00,04:52:00,Leixoes,Alcantara,80160/61,4900.0,10 paletes,19,4,2000,2,Quarta,Leixoes,Alcantara
0055,2001-06-25,19:27:00,04:52:00,Leixoes,Alcantara,80160/61,20600.0,2 contentores com 10300 kg cada,19,4,2001,0,Segunda,Leixoes,Alcantara
0054,2001-06-19,22:45:00,04:36:00,Alcantara,Leixoes,80610/11,,,22,4,2001,1,Terça,Alcantara,Leixoes
0053,2001-06-15,19:47:00,10:30:00,Leixoes,Santa Apolonia,80162/63,17000.0,"3800 volumes_x000D_ Este comboio parte de Leixoes às 19H47 do dia 15/06, tem hora prevista de chegada à Bobadela às 2H15 de 16/06 e só seguirá para Santa Apolónia às 10H30 do dia 18/06.",19,10,2001,4,Sexta,Leixoes,Santa Apolonia
0056,2001-08-27,22:48:00,04:36:00,Alcantara,Leixoes,80610,,7 contentores com 18054 kg cada,22,4,2001,0,Segunda,Alcantara,Leixoes
0057,2001-09-04,22:48:00,04:36:00,Alcantara,Leixoes,80610,,2 contentores com 18054 kg cada,22,4,2001,1,Terça,Alcantara,Leixoes
0058,2001-09-10,19:27:00,04:48:00,Leixoes,Alcantara,80160/61,,,19,4,2001,0,Segunda,Leixoes,Alcantara
0059,2001-09-12,22:48:00,04:36:00,Alcantara,Leixoes,80610/11,,2 contentores com 10000 e 17000 kg,22,4,2001,2,Quarta,Alcantara,Leixoes
0060,2001-09-24,22:48:00,04:38:00,Alcantara,Leixoes,80610/11,,,22,4,2001,0,Segunda,Alcantara,Leixoes
0061,2001-10-11,22:45:00,04:36:00,Alcantara,Leixoes,80610/11,,,22,4,2001,3,Quinta,Alcantara,Leixoes
0062,2001-10-17,22:48:00,04:36:00,Alcantara,Leixoes,80610/11,,,22,4,2001,2,Quarta,Alcantara,Leixoes
0063,2001-10-18,19:27:00,04:40:00,Leixoes,Alcantara,80160/61,18000.0,,19,4,2001,3,Quinta,Leixoes,Alcantara
0064,2001-11-07,22:45:00,04:36:00,Alcantara,Leixoes,80610/11,,,22,4,2001,2,Quarta,Alcantara,Leixoes
0065,2001-11-12,23:30:00,06:51:00,Alcantara,Leixoes,75610/11,,,23,6,2001,0,Segunda,Alcantara,Leixoes
0066,2001-11-13,22:48:00,04:36:00,Alcantara,Leixoes,80610,,4 contentores com 18054 kg cada,22,4,2001,1,Terça,Alcantara,Leixoes
0067,2001-11-14,19:27:00,04:40:00,Leixoes,Alcantara,80160,,Cloreto de metileno,19,4,2001,2,Quarta,Leixoes,Alcantara
0068,2001-11-20,22:48:00,04:36:00,Alcantara,Leixoes,80610/11,,,22,4,2001,1,Terça,Alcantara,Leixoes
0069,2001-11-27,22:48:00,04:36:00,Alcantara,Leixoes,80610/11,,3 contentores com 18000 kg cada,22,4,2001,1,Terça,Alcantara,Leixoes
0070,2001-11-28,22:48:00,04:36:00,Alcantara,Leixoes,80610/11,,,22,4,2001,2,Quarta,Alcantara,Leixoes
0071,2001-11-30,19:25:00,04:40:00,Leixoes,Alcantara,80160/61,,,19,4,2001,4,Sexta,Leixoes,Alcantara
0072,2001-12-04,19:27:00,04:40:00,Leixoes,Alcantara,80160/61,,,19,4,2001,1,Terça,Leixoes,Alcantara
0073,2001-12-04,22:48:00,04:36:00,Alcantara,Leixoes,80610/11,,,22,4,2001,1,Terça,Alcantara,Leixoes
0074,2001-12-05,22:48:00,04:36:00,Alcantara,Leixoes,80610/11,,Em solucao aquosa estabilizada_x000D_ 4 contentores com 23000 com kg cada,22,4,2001,2,Quarta,Alcantara,Leixoes
0075,2001-12-13,22:48:00,04:36:00,Alcantara,Leixoes,80610/11,,,22,4,2001,3,Quinta,Alcantara,Leixoes
0076,2001-12-18,22:48:00,04:36:00,Alcantara,Leixoes,80610/11,,,22,4,2001,1,Terça,Alcantara,Leixoes
0077,2001-12-21,19:27:00,04:40:00,Leixoes,Santa Apolonia,80160/61,2400.0,,19,4,2001,4,Sexta,Leixoes,Santa Apolonia
0078,2001-12-21,19:27:00,04:40:00,Leixoes,Alcantara,80160,,,19,4,2001,4,Sexta,Leixoes,Alcantara
0079,2001-12-26,22:48:00,04:36:00,Alcantara,Leixoes,80610/11,,,22,4,2001,2,Quarta,Alcantara,Leixoes
0080,2001-12-26,22:48:00,04:36:00,Alcantara,Leixoes,80610/11,,,22,4,2001,2,Quarta,Alcantara,Leixoes
0081,2002-01-02,22:43:00,04:36:00,Alcantara,Leixoes,80610/11,,,22,4,2002,2,Quarta,Alcantara,Leixoes
0082,2002-01-03,22:48:00,04:36:00,Alcantara,Leixoes,80610/11,,,22,4,2002,3,Quinta,Alcantara,Leixoes
0083,2002-01-10,19:27:00,04:40:00,Leixoes,Alcantara,80160/61,,,19,4,2002,3,Quinta,Leixoes,Alcantara
0084,2002-01-14,19:27:00,04:40:00,Leixoes,Alcantara,80160/61,,,19,4,2002,0,Segunda,Leixoes,Alcantara
0085,2002-01-21,19:27:00,04:40:00,Leixoes,Alcantara,80160/61,,,19,4,2002,0,Segunda,Leixoes,Alcantara
0086,2002-01-29,19:27:00,04:40:00,Leixoes,Alcantara,80160/61,9920.0,,19,4,2002,1,Terça,Leixoes,Alcantara
0087,2002-02-05,22:48:00,04:36:00,Alcantara,Leixoes,80160,26734.0,2 contentores com 13392 kg cada,22,4,2002,1,Terça,Alcantara,Leixoes
0088,2002-02-07,19:27:00,04:40:00,Leixoes,Alcantara,80160/61,7800.0,,19,4,2002,3,Quinta,Leixoes,Alcantara
0089,2002-02-11,19:27:00,04:40:00,Leixoes,Alcantara,80160/61,7194.0,,19,4,2002,0,Segunda,Leixoes,Alcantara
0090,2002-02-11,22:48:00,04:36:00,Alcantara,Leixoes,80610,126378.0,7 contentores com 18054 kg cada,22,4,2002,0,Segunda,Alcantara,Leixoes
0091,2002-02-13,22:48:00,04:36:00,Alcantara,Leixoes,80610/61,26794.0,2 contentores com 13392 kg cada,22,4,2002,2,Quarta,Alcantara,Leixoes
0092,2002-02-18,22:48:00,04:36:00,Alcantara,Leixoes,80610,8875.0,,22,4,2002,0,Segunda,Alcantara,Leixoes
0093,2002-03-05,22:48:00,04:36:00,Alcantara,Leixoes,80610/11,14000.0,,22,4,2002,1,Terça,Alcantara,Leixoes
0094,2002-03-07,19:27:00,04:40:00,Leixoes,Alcantara,80160/61,40000.0,Soda caustica_x000D_ 2 contentores com 20000 kg cada,19,4,2002,3,Quinta,Leixoes,Alcantara
0095,2002-03-11,22:48:00,04:36:00,Alcantara,Leixoes,80610,18050.0,,22,4,2002,0,Segunda,Alcantara,Leixoes
0096,2002-03-12,22:48:00,04:36:00,Alcantara,Leixoes,80610,8000.0,,22,4,2002,1,Terça,Alcantara,Leixoes
0097,2002-03-14,19:27:00,04:40:00,Leixoes,Alcantara,80160/61,14842.0,11 paletas com 1236 latas cada,19,4,2002,3,Quinta,Leixoes,Alcantara
0098,2002-03-20,22:45:00,04:36:00,Alcantara,Leixoes,80610,54150.0,3 contentores com 18050 kg cada,22,4,2002,2,Quarta,Alcantara,Leixoes
0099,2002-03-22,19:20:00,04:40:00,Leixoes,Alcantara,80160/61,18660.0,,19,4,2002,4,Sexta,Leixoes,Alcantara
0100,2002-03-28,19:27:00,04:40:00,Leixoes,Alcantara,80160/61,15060.0,,19,4,2002,3,Quinta,Leixoes,Alcantara
